<?xml version="1.0" encoding="UTF-8"?>
<!DOCTYPE suite SYSTEM "https://testng.org/testng-1.0.dtd">
<suite name="Suite">
  <test thread-count="5" name="C:\Users\Its Me\AssignmentAmazon" verbose="2">
   <parameter name="browserName" value="Chrome" />
<classes>
<class name="runner.Runner">
</class>
</classes>
</test>
<test name="FirefoxTest">
<parameter name="browserName" value="Firefox" />
<classes>
<class name="runner.Runner">
</class>
</classes>
</test>
<test name="EdgeTest">
<parameter name="browserName" value="Edge" />
<classes>
<class name="runner.Runner">
</class>
</classes>
  </test> <!-- Test -->
</suite> <!-- Suite -->
